alias andy.clark Andy Clark <aclark@geneity.co.uk>
alias mark.swatton Mark Swatton <mark.swatton@betfair.com>
alias david.sprigings David Sprigings <dave.sprigings@geneity.co.uk>
alias jason.foote Jason Foote <jason.foote@geneity.co.uk>
alias mark.lee Mark Lee <mark@geneity.co.uk>
alias mark.steward Mark Steward <mark.steward@geneity.co.uk>
alias paul.jefferson Paul Jefferson <paul.jefferson@geneity.co.uk>
alias phil.slater Philip Slater <philip.slater@geneity.co.uk>
alias phil.taylor Phillip Taylor <phillip.taylor@geneity.co.uk>
alias swan.center Reception <reception@swan-centre.co.uk>
alias rob.clark Robert Clark <rclark@geneity.co.uk>
alias russ.olivant Russ Olivant <russ.olivant@geneity.co.uk>
alias tim.lui Timothy Lui <tim@geneity.co.uk>
alias will.slater Will Slater <will.slater@geneity.co.uk>
alias will.frost Will Frost <will.frost@geneity.co.uk>
alias liz.bushby Liz Bushby <liz.bushby@geneity.co.uk>
alias stelios.bounanos Stelios Bounanos <stelios@geneity.co.uk>
alias barnaby.gray Barnaby Gray <barnaby@artirix.com>
alias andy.olliver Andy Olliver <andy.olliver@artirix.com>
alias louise.hutt Louise Hutt <louise.hutt@artirix.com>
alias piers-work Pietro Chiavegato <pietrochiavegato@longo-rossetti.it>
alias laura-gmail Laura Montanari <montanari.laura@gmail.com>
alias laura-work Laura Montanari <Laura.Montanari@martindalepharma.co.uk>
alias laura-pispo Laura Montanari <laura.montanari@pispo.co.uk>
alias naomi.baxter Naomi Baxter <Naomi.Baxter@mbamfunds.com>
alias neil.beddoe Neil Beddoe <Neil.Beddoe@raidllp.com>
alias annie.ferris Annie Ferris <Annie.Ferris@paolomarchetti.com>
alias luca.loschi \"Loschi Luca - Lameplast S.p.a.\" <Luca.Loschi@lameplast.it>
alias dario.sporeni-pispo Dario Sporeni <dario.sporeni@pispo.co.uk>
alias dario.sporeni-hotmail Dario Sporeni <abcdariosporeni@hotmail.com>
alias oliver.southgate Oliver Southgate <oliver@thesocialgamingcompany.com>
alias ian.parry Ian Parry <ian@artirix.com>
alias office.artirix The Office <theoffice@artirix.com>
alias martina.bolla Martina Bolla <martina.bolla@gmail.com>
alias amar.bahralolom Amar Bahralolom <amar.bahralolom@pispo.co.uk>
alias hashim.hashim Hashim Hashim <hashim.hashim@pispo.co.uk>
alias nico.bolla Nico Bolla <nicobol@libero.it>
alias yusuf.bahraluloom Yusuf Bahraluloom <yusuf.bahraluloom@pispo.co.uk>
alias trinity-mews Trinity Mews <trinity-mews@googlegroups.com>
alias fabio.piccoli Fabio Piccoli <fabio.piccoli@pispo.co.uk>
alias chris.j.morgan Chris Morgan <chris.j.morgan@gmail.com>
alias emanuele.zattin Emanuele Zattin <emanuelez@libero.it>
alias robin.hughes Robin Hughes <robin.hughes@globrix.com>
alias haskell.beginners Haskell Beginners <beginners@haskell.org>
alias cristina.racca Cristina Racca <cristina.racca@pispo.co.uk>
alias houston.lawrence Houston Lawrence <HelplineHLMStaff@houstonlawrence.com>
alias artirix.office Artirix Office <theoffice@artirix.com>
alias kim.dack Kim Dack HSBC <kim.dack@hsbc.com>
alias giuseppe.rea Giuseppe Rea <giuppe23@yahoo.it>
