alias gmail Lorenzo Bolla <lbolla@gmail.com>
alias mauro Mauro Enrico Castiglioni <pelidirovo@excite.it>
alias laura Laura Montanari <Laura.Montanari@emea.europa.eu>
alias jp_fastweb Jean Paul Dal Monte <jpjean@fastwebnet.it>
alias jp Jean Paul Dal Monte <jpdalmonte@gmail.com>
alias antonella Antonella Malago\' <antonellamalago@email.it>
alias roberta Roberta Baronio <rbaronio@uci.edu>
alias tambu Giacomo Tamburi <lt.tambu@gmail.com>
alias annalisa Annalisa Montanari <annalisa.montanari@gmail.com>
alias will Will Slater <will.slater@geneity.co.uk>
alias russ Russ Olivant <russ.olivant@geneity.co.uk>
alias phil Philip Slater <philip.slater@geneity.co.uk>
alias mark Mark Lee <mark@geneity.co.uk>
alias tim Timothy Lui <tim@geneity.co.uk>
alias reception Reception <reception@swan-centre.co.uk>
alias robert Robert Clark <rclark@geneity.co.uk>
alias andy Andy Clark <aclark@geneity.co.uk>
