alias sportsalive sa_shane, bf_adam, sa_peter, mark, bf_mark

alias PA PA Customer Services <customer.services@pressassociation.com>
alias andy Andy Clark <aclark@geneity.co.uk>
alias bf_adam Adam Pearce <adam.pearce@betfair.com>
alias bf_fergus Fergus Haddow <Fergus.Haddow@betfair.com>
alias bf_gilda Gilda Maurice <Gilda.Maurice@betfair.com>
alias bf_mark Mark Swatton <mark.swatton@betfair.com>
alias c_gary Gary Fitter <Gary.Fitter@GalaCoral.com>
alias c_gerry Gerry Ball <Gerry.Ball@galacoral.com>
alias c_howard Howard Pearson <Howard.Pearson@galacoral.com>
alias dave David Sprigings <dave.sprigings@geneity.co.uk>
alias jason Jason Foote <jason.foote@geneity.co.uk>
alias mark Mark Lee <mark@geneity.co.uk>
alias marks Mark Steward <mark.steward@geneity.co.uk>
alias paul Paul Jefferson <paul.jefferson@geneity.co.uk>
alias phil Philip Slater <philip.slater@geneity.co.uk>
alias philt Phillip Taylor <phillip.taylor@geneity.co.uk>
alias reception Reception <reception@swan-centre.co.uk>
alias rob Robert Clark <rclark@geneity.co.uk>
alias russ Russ Olivant <russ.olivant@geneity.co.uk>
alias sa_peter Peter Weymouth <pweymouth@sportsalive.com>
alias sa_shane Shane Rogers <srogers@sportsalive.com>
alias sis_andy Andrew Lightfoot <ALightfoot@sis.tv>
alias tim Timothy Lui <tim@geneity.co.uk>
alias will Will Slater <will.slater@geneity.co.uk>
alias willf Will Frost <will.frost@geneity.co.uk>
alias liz Liz Bushby <liz.bushby@geneity.co.uk>
alias stelios Stelios Bounanos <stelios@geneity.co.uk>
alias spriggo David Sprigings <dave.sprigings@geneity.co.uk>
